{"tarse": 5.908120061650747, "tiare": 5.886660020187986, "reast": 5.833913086264108, "roate": 5.8326027740572455, "raise": 5.8290446543475305, "soare": 5.818550266116236, "raile": 5.809380351248627, "slate": 5.801344160001945, "trace": 5.79310492504231, "sater": 5.785253472934467, "crate": 5.783409741800755, "irate": 5.777741626047705, "salet": 5.7776197424949185, "arise": 5.769409378717982, "orate": 5.759845093851771, "stare": 5.750097536230961, "raine": 5.746773332933021, "carte": 5.744989777761533, "ranse": 5.735560302301123, "taler": 5.732848874380675}